mean_fit_time,std_fit_time,mean_score_time,std_score_time,param_model__max_depth,param_model__max_features,param_model__min_samples_leaf,param_model__min_samples_split,param_model__n_estimators,params,split0_test_accuracy,split1_test_accuracy,split2_test_accuracy,split3_test_accuracy,split4_test_accuracy,mean_test_accuracy,std_test_accuracy,rank_test_accuracy,split0_train_accuracy,split1_train_accuracy,split2_train_accuracy,split3_train_accuracy,split4_train_accuracy,mean_train_accuracy,std_train_accuracy,split0_test_f1_macro,split1_test_f1_macro,split2_test_f1_macro,split3_test_f1_macro,split4_test_f1_macro,mean_test_f1_macro,std_test_f1_macro,rank_test_f1_macro,split0_train_f1_macro,split1_train_f1_macro,split2_train_f1_macro,split3_train_f1_macro,split4_train_f1_macro,mean_train_f1_macro,std_train_f1_macro,split0_test_f1_weighted,split1_test_f1_weighted,split2_test_f1_weighted,split3_test_f1_weighted,split4_test_f1_weighted,mean_test_f1_weighted,std_test_f1_weighted,rank_test_f1_weighted,split0_train_f1_weighted,split1_train_f1_weighted,split2_train_f1_weighted,split3_train_f1_weighted,split4_train_f1_weighted,mean_train_f1_weighted,std_train_f1_weighted
38.25450096130371,8.467465161575698,0.8965323448181153,0.5205447747671295,,sqrt,1,2,100,"{'model__max_depth': None, 'model__max_features': 'sqrt', 'model__min_samples_leaf': 1, 'model__min_samples_split': 2, 'model__n_estimators': 100}",0.6634980988593155,0.7376425855513308,0.6825095057034221,0.6647546207775653,0.6880152187698161,0.6872840059322899,0.026954256200572846,41,1.0,0.9984132021580451,0.9984132021580451,0.9984154650610046,1.0,0.999048373875419,0.0007769999164011493,0.6574898891576313,0.7350358872193754,0.6792246048634599,0.6667804720279131,0.6811690307667594,0.6839399768070278,0.02696204990840324,40,1.0,0.9983717541070483,0.9983589917559191,0.9983831238882344,1.0,0.9990227739502403,0.0007979382612971648,0.658983858669699,0.7331388609081925,0.6745715012242451,0.6661560265353078,0.6829717560017277,0.6831644006678343,0.02624997185174009,41,1.0,0.9984132021580451,0.9984132384723369,0.998415539561716,1.0,0.9990483960384197,0.0007769818426339271
91.14142923355102,5.017201261675468,0.9964517116546631,0.5801078658073008,,sqrt,1,2,200,"{'model__max_depth': None, 'model__max_features': 'sqrt', 'model__min_samples_leaf': 1, 'model__min_samples_split': 2, 'model__n_estimators': 200}",0.6615969581749049,0.7465145754119138,0.6875792141951838,0.6781389420012747,0.6956246036778694,0.6938908586922292,0.028646525720888168,19,1.0,0.9984132021580451,0.9984132021580451,0.9984154650610046,1.0,0.999048373875419,0.0007769999164011493,0.6537918977748151,0.7441314293727018,0.6829746333796718,0.6803144022622678,0.6889273665616867,0.6900279458702288,0.029616048115854714,19,1.0,0.9983720905589202,0.9983589917559191,0.9983831238882344,1.0,0.9990228412406147,0.0007978833700585324,0.6555127122976069,0.7420465332599675,0.6780669433883053,0.6798644718478899,0.6907578992794358,0.6892497120146411,0.028778815679181675,19,1.0,0.9984133471851078,0.9984132384723369,0.998415539561716,1.0,0.9990484250438321,0.0007769581320939914
136.83770189285278,4.190009301524321,1.0347087383270264,0.20517673811647505,,sqrt,1,2,300,"{'model__max_depth': None, 'model__max_features': 'sqrt', 'model__min_samples_leaf': 1, 'model__min_samples_split': 2, 'model__n_estimators': 300}",0.6679340937896071,0.743979721166033,0.6951837769328264,0.6775015933715742,0.6962587190868738,0.696171580869383,0.026201243245537166,10,1.0,0.9984132021580451,0.9984132021580451,0.9984154650610046,1.0,0.999048373875419,0.0007769999164011493,0.6593463859186393,0.7416363378463322,0.6914631850071367,0.6802007206409164,0.6898942996145229,0.6925081858055094,0.02710231879802436,10,1.0,0.9983722716677261,0.9983589917559191,0.9983831238882344,1.0,0.999022877462376,0.0007978538304679945,0.6611031948872544,0.7393369978677851,0.6869772228398969,0.6797246411785131,0.6918473960061999,0.6917978905559299,0.02596588417423135,10,1.0,0.998413401810772,0.9984132384723369,0.998415539561716,1.0,0.9990484359689649,0.0007769492022548668
40.226147413253784,5.920254049563335,0.6452121257781982,0.4523813488611659,,sqrt,1,5,100,"{'model__max_depth': None, 'model__max_features': 'sqrt', 'model__min_samples_leaf': 1, 'model__min_samples_split': 5, 'model__n_estimators': 100}",0.6666666666666666,0.738276299112801,0.6875792141951838,0.674314850223072,0.6930881420418517,0.6919850344479149,0.024967036029069,27,1.0,0.9980958425896541,0.9982545223738496,0.9984154650610046,0.9998413453910836,0.9989214350831185,0.0008236405095616742,0.6576323393805048,0.7364048869158315,0.6845112981000112,0.6771871467992256,0.6881645156882776,0.6887800373767702,0.02604343102584471,25,1.0,0.9980564840448725,0.9982026826818746,0.9983831238882344,0.9998425117759648,0.9988969604781893,0.0008441817076902896,0.6596481619371539,0.7345775412226934,0.6804625040354827,0.6766842790180638,0.6903384643490628,0.6883421901124913,0.02515168542979216,25,1.0,0.9980960216038839,0.9982546164503083,0.998415539561716,0.9998413462764226,0.9989215047784661,0.0008235804318397452
98.32172713279724,6.6595709745588945,0.7049239635467529,0.5247154986059128,,sqrt,1,5,200,"{'model__max_depth': None, 'model__max_features': 'sqrt', 'model__min_samples_leaf': 1, 'model__min_samples_split': 5, 'model__n_estimators': 200}",0.6749049429657795,0.7452471482889734,0.6951837769328264,0.6755895474824729,0.699429296131896,0.6980709423603898,0.025604108649194268,6,1.0,0.9984132021580451,0.9984132021580451,0.9984154650610046,0.9996826907821672,0.9989849120318525,0.0007064379632627575,0.6667641987310062,0.7439679334215049,0.6918678752900627,0.6787800694672402,0.6931360536034217,0.6949032261026471,0.026349355964783935,6,1.0,0.9983720905589202,0.9983591773003824,0.9983831238882344,0.9996798067991108,0.9989588397093294,0.000726515873506758,0.668728728986577,0.7416056878527744,0.6875266197707885,0.6778978335114436,0.6952728052813181,0.6942063350805803,0.02532796965508115,6,1.0,0.9984133471851078,0.9984132961373497,0.998415539561716,0.9996826884145359,0.998984974259742,0.0007063868003549907
127.03966841697692,8.920533942029548,0.5623401165008545,0.22394021489551375,,sqrt,1,5,300,"{'model__max_depth': None, 'model__max_features': 'sqrt', 'model__min_samples_leaf': 1, 'model__min_samples_split': 5, 'model__n_estimators': 300}",0.6812420785804816,0.7433460076045627,0.7015209125475285,0.6768642447418738,0.6981610653138871,0.7002268617576667,0.023543307699094074,3,1.0,0.9984132021580451,0.9984132021580451,0.9984154650610046,1.0,0.999048373875419,0.0007769999164011493,0.672976173488968,0.7407839754290781,0.6981378763233892,0.6798938050261688,0.6928468834873728,0.6969277427509954,0.0236867882366252,3,1.0,0.9983721854304637,0.9983591242919602,0.9983832716939343,1.0,0.9990229162832716,0.0007978221393500453,0.6747053160017686,0.7388586276537545,0.6936068853595435,0.6791801238272274,0.6952089994051148,0.6963119904494818,0.022711669929072788,3,1.0,0.9984133787024407,0.9984132854605744,0.9984156057717066,1.0,0.9990484539869444,0.000776934510410254
47.17918186187744,4.296746465957274,0.8883302688598633,0.4295271111504427,,sqrt,2,2,100,"{'model__max_depth': None, 'model__max_features': 'sqrt', 'model__min_samples_leaf': 2, 'model__min_samples_split': 2, 'model__n_estimators': 100}",0.6666666666666666,0.7306717363751585,0.6806083650190115,0.6768642447418738,0.6861128725428028,0.6881847770691026,0.02217214489604725,39,0.999047921294827,0.9979371628054586,0.9979371628054586,0.9976231975915069,0.999206726955418,0.9983504342905338,0.0006465578251411821,0.6577609660469169,0.7290814524485623,0.676810206493991,0.6795847717643232,0.6796961255727259,0.6845867044653039,0.023701535195564442,39,0.9990525460422468,0.9978991041596306,0.997887483627372,0.9975951140802461,0.9992003665770242,0.998326922897304,0.0006634926825679748,0.6600243919469008,0.7268059321038779,0.6725200084158423,0.6789588824871224,0.6812836429334738,0.6839185715774433,0.022679180409007207,38,0.9990482712241922,0.9979373891757778,0.9979376163018391,0.9976227064488358,0.999206729480487,0.9983505425262263,0.0006466576451162045
78.99166564941406,8.23278302229652,0.5865323066711425,0.22786169178885954,,sqrt,2,2,200,"{'model__max_depth': None, 'model__max_features': 'sqrt', 'model__min_samples_leaf': 2, 'model__min_samples_split': 2, 'model__n_estimators': 200}",0.670468948035488,0.7370088719898605,0.6831432192648923,0.6768642447418738,0.693722257450856,0.6922415082965941,0.02366259896191562,26,0.9988892415106315,0.9984132021580451,0.9980958425896541,0.9980985580732055,0.9996826907821672,0.9986359070227406,0.0005983219106743194,0.6613405327919711,0.734619089825962,0.6785063514772213,0.6795900688459549,0.6877576366852216,0.6883627359252662,0.0246751854522955,27,0.9988911242789985,0.9983721854304637,0.9980408899867742,0.9980651134339735,0.9996798067991108,0.9986098239858642,0.0006165809986100862,0.6634818446604703,0.7325161565029784,0.6736798525110148,0.6789448606629722,0.6895206593455335,0.6876286747365938,0.02396461264514489,27,0.9988895906122278,0.9984133787024407,0.9980956619898029,0.9980986303642034,0.9996826884145359,0.9986359900166422,0.0005983571455413962
90.01113061904907,3.5709285296316873,0.518913459777832,0.23571018790193177,,sqrt,2,2,300,"{'model__max_depth': None, 'model__max_features': 'sqrt', 'model__min_samples_leaf': 2, 'model__min_samples_split': 2, 'model__n_estimators': 300}",0.6730038022813688,0.7408111533586819,0.6913814955640051,0.6692160611854685,0.6981610653138871,0.6945147155406823,0.02557035154299208,16,0.9993652808632181,0.9984132021580451,0.9979371628054586,0.9980985580732055,0.9995240361732508,0.9986676480146357,0.0006545696243849083,0.6641517788377735,0.7384070430329649,0.6870164171106825,0.6721656136934209,0.6920907958283101,0.6907663297006306,0.02584482375788912,16,0.9993641778826283,0.9983722716677261,0.9978808683111312,0.9980652612396733,0.9995183353892594,0.9986401828980837,0.0006744168618923628,0.6660861852594256,0.7362158174073222,0.6824421002972281,0.6717418775286103,0.6936625397395654,0.6900297040464303,0.024946594893343305,16,0.9993653983626336,0.998413401810772,0.9979360813952939,0.9980986965741937,0.9995240315312043,0.9986675219348194,0.0006547953555724598
38.077758598327634,3.4937958979687695,0.3527367115020752,0.3324751982323866,,sqrt,2,5,100,"{'model__max_depth': None, 'model__max_features': 'sqrt', 'model__min_samples_leaf': 2, 'model__min_samples_split': 5, 'model__n_estimators': 100}",0.6634980988593155,0.7401774397972116,0.6863117870722434,0.6634799235181644,0.6886493341788206,0.688423316685151,0.028022984304531793,38,0.9982545223738496,0.9976198032370676,0.9973024436686766,0.9976231975915069,0.9990480723465016,0.9979696078435204,0.0006215679102678881,0.6547621523716668,0.7368025716708604,0.6826017740754059,0.6667296705750354,0.6825189179268032,0.6846830173239542,0.02808217820597405,38,0.9982711656794685,0.9975862368000193,0.9972557379316258,0.9975893987766028,0.9990407990152184,0.997948667640587,0.0006383318473835876,0.6569803273852756,0.7347530100708003,0.6779527262724523,0.6661941283576243,0.6845255683065163,0.6840811520785337,0.02705473199896779,36,0.9982569224076343,0.9976201531872758,0.997302314083568,0.9976236080200293,0.9990483249439672,0.9979702645284949,0.0006218188614172123
51.25849304199219,4.593111757732228,0.292601490020752,0.15858120226734437,,sqrt,2,5,200,"{'model__max_depth': None, 'model__max_features': 'sqrt', 'model__min_samples_leaf': 2, 'model__min_samples_split': 5, 'model__n_estimators': 200}",0.6730038022813688,0.7408111533586819,0.697084917617237,0.680050987890376,0.6924540266328472,0.6966809775561023,0.023675590312893114,8,0.998730561726436,0.9979371628054586,0.9976198032370676,0.9977816510854064,0.999206726955418,0.9982551811619572,0.0006099996055806121,0.6650655459301356,0.7377083566966708,0.6932744465966135,0.6825583415579906,0.6867067217269396,0.69306268250167,0.02419859558153815,9,0.9987401445897165,0.9979002991896536,0.9975682417535074,0.9977526791072929,0.9991992781186138,0.9982321285517568,0.0006283608446961284,0.6665797920326794,0.735505743623231,0.688778856708721,0.6820813653510609,0.6887643313917456,0.6923420178214875,0.023054615369186217,9,0.9987316291707193,0.9979374613153827,0.9976191839797323,0.9977813998175545,0.9992067286170422,0.9982552805800861,0.0006103035791999987
61.35878643989563,1.9075789408806818,0.5890598773956299,0.21316917988880849,,sqrt,2,5,300,"{'model__max_depth': None, 'model__max_features': 'sqrt', 'model__min_samples_leaf': 2, 'model__min_samples_split': 5, 'model__n_estimators': 300}",0.6761723700887199,0.7458808618504436,0.697084917617237,0.6794136392606756,0.6968928344958782,0.6990889246625909,0.02494237186489745,5,0.9988892415106315,0.997778483021263,0.9974611234528721,0.9979401045793059,0.999206726955418,0.998255135903898,0.0006729805239687832,0.6680182867094319,0.7424108368907041,0.6929771139161471,0.682080471028479,0.6906189436757436,0.6952211304441012,0.025162494967214,5,0.998895208345702,0.9977378099407082,0.9974120588068283,0.9979138128639706,0.9991992781186138,0.9982316336151644,0.0006918442058535807,0.6696009147128076,0.7402823174917366,0.6886973070620354,0.6815441889249997,0.6925889814964752,0.6945427419376109,0.024170859258003698,5,0.9988900755079825,0.9977789313255209,0.9974607712326812,0.9979404762147452,0.9992067286170422,0.9982553965795944,0.000673123079994652
17.971223545074462,0.9513243288830264,0.365891170501709,0.1328984946052462,,log2,1,2,100,"{'model__max_depth': None, 'model__max_features': 'log2', 'model__min_samples_leaf': 1, 'model__min_samples_split': 2, 'model__n_estimators': 100}",0.6584283903675539,0.7420785804816223,0.6850443599493029,0.6647546207775653,0.6816740646797718,0.6863960032511632,0.029581108350734547,45,1.0,0.9984132021580451,0.9984132021580451,0.9984154650610046,1.0,0.999048373875419,0.0007769999164011493,0.6503189730835074,0.7380319823641491,0.6803987454363599,0.6657902709467176,0.6718126897803088,0.6812705323222086,0.03003235095807774,46,1.0,0.9983717541070483,0.9983590624444719,0.9983832716939343,1.0,0.999022817649091,0.0007979028048640485,0.6525924768627547,0.7358905296533873,0.6754779704544828,0.6651712990808611,0.6742088611141083,0.6806682274331187,0.02879780339435085,45,1.0,0.9984132021580451,0.9984132662393291,0.9984156057717066,1.0,0.9990484148338161,0.0007769665175062957
33.140110683441165,1.8825951038301285,0.5034910202026367,0.24266582356204133,,log2,1,2,200,"{'model__max_depth': None, 'model__max_features': 'log2', 'model__min_samples_leaf': 1, 'model__min_samples_split': 2, 'model__n_estimators': 200}",0.670468948035488,0.7408111533586819,0.697084917617237,0.6711281070745698,0.6880152187698161,0.6935016689711586,0.025737951065792748,22,1.0,0.9984132021580451,0.9984132021580451,0.9984154650610046,1.0,0.999048373875419,0.0007769999164011493,0.6634683966314945,0.7380489791157977,0.693345797027919,0.672669915609788,0.6800785732475909,0.6895223323265179,0.026158938934406073,22,1.0,0.9983719870500776,0.9983589917559191,0.9983829676071055,1.0,0.9990227892826204,0.0007979253161943409,0.6650252235527564,0.736335574859095,0.6885973594405449,0.6722003720101123,0.6819206060510377,0.6888158271827092,0.02509097205572748,22,1.0,0.9984133072568017,0.9984132384723369,0.9984154650610046,1.0,0.9990484021580286,0.0007769767970363479
43.61149182319641,1.3979981274520064,0.6573455333709717,0.18396252949128464,,log2,1,2,300,"{'model__max_depth': None, 'model__max_features': 'log2', 'model__min_samples_leaf': 1, 'model__min_samples_split': 2, 'model__n_estimators': 300}",0.6711026615969582,0.7414448669201521,0.6939163498098859,0.6819630337794774,0.6804058338617628,0.6937665491936473,0.024918779716357402,20,1.0,0.9984132021580451,0.9984132021580451,0.9984154650610046,1.0,0.999048373875419,0.0007769999164011493,0.6637221314743459,0.7381255160437099,0.690561320058233,0.6843957249742297,0.6725136610854535,0.6898636707271943,0.025861143701617118,20,1.0,0.9983722716677261,0.9983590624444719,0.9983832716939343,1.0,0.9990229211612265,0.0007978183646129626,0.6656035350015306,0.7365132646707383,0.6858178424552147,0.6837905573604869,0.674499250751813,0.6892448900479566,0.02470684595990066,20,1.0,0.998413401810772,0.9984132662393291,0.9984156057717066,1.0,0.9990484547643614,0.0007769338755174094
14.356139707565308,1.0790352788809374,0.15619568824768065,0.08793183136991549,,log2,1,5,100,"{'model__max_depth': None, 'model__max_features': 'log2', 'model__min_samples_leaf': 1, 'model__min_samples_split': 5, 'model__n_estimators': 100}",0.6628643852978454,0.7211660329531052,0.6844106463878327,0.6775015933715742,0.6753329105897273,0.684255113720017,0.01972419406347646,48,0.999682640431609,0.9982545223738496,0.9984132021580451,0.9984154650610046,1.0,0.9989531660049018,0.0007344086786936983,0.6555055177067749,0.7178944745313953,0.6804340358707969,0.6788023529822604,0.6694607524740009,0.6804194267130457,0.02072577985464538,48,0.9996870204619903,0.9982129682642455,0.9983590624444719,0.9983832716939343,1.0,0.9989284645729285,0.0007559079620212375,0.6566980432088122,0.7159745565816393,0.676009957745027,0.6785806393439326,0.6720604880806179,0.6798647369920058,0.019585858686939243,48,0.9996827588623269,0.9982546255670883,0.9984132662393291,0.9984156057717066,1.0,0.9989532512880903,0.0007343825459488848
26.15174617767334,0.9999561793652129,0.33895230293273926,0.17912458267159811,,log2,1,5,200,"{'model__max_depth': None, 'model__max_features': 'log2', 'model__min_samples_leaf': 1, 'model__min_samples_split': 5, 'model__n_estimators': 200}",0.6666666666666666,0.7319391634980988,0.6951837769328264,0.6736775015933716,0.6899175649968294,0.6914769347375586,0.022740859664151285,29,0.9998413202158045,0.9984132021580451,0.9984132021580451,0.9984154650610046,1.0,0.99901663791858,0.0007398351320936608,0.6573942858913128,0.728818418673563,0.6909881905261223,0.6760240252338929,0.6835497997794199,0.6873549440208622,0.02354965005792637,32,0.9998421887474851,0.9983722716677261,0.9983591242919602,0.9983831238882344,1.0,0.9989913417190811,0.0007608163677011889,0.6593383613536369,0.7267293616258612,0.6862482035879993,0.6753458818939421,0.6859278040981714,0.6867179225119222,0.022274307441449058,30,0.9998413173522311,0.998413401810772,0.9984132854605744,0.998415539561716,1.0,0.9990167088370587,0.0007397762298538696
41.01534786224365,1.5603478461841336,0.3037858963012695,0.12765017206237858,,log2,1,5,300,"{'model__max_depth': None, 'model__max_features': 'log2', 'model__min_samples_leaf': 1, 'model__min_samples_split': 5, 'model__n_estimators': 300}",0.664765525982256,0.7300380228136882,0.6939163498098859,0.6768642447418738,0.6867469879518072,0.6904662262599023,0.022078057272210228,34,1.0,0.9984132021580451,0.9984132021580451,0.9984154650610046,1.0,0.999048373875419,0.0007769999164011493,0.6554120289921473,0.7270538285977912,0.6897427682446546,0.6791037613537861,0.6792610325923609,0.6861146839561479,0.023357890119550678,34,1.0,0.9983722716677261,0.9983591242919602,0.9983831238882344,1.0,0.999022903969584,0.0007978317755577847,0.6572862296497469,0.724876152958431,0.6851362192730748,0.6784702201319168,0.6815671520361063,0.6854671948098552,0.021961376608938543,34,1.0,0.998413401810772,0.9984132854605744,0.998415539561716,1.0,0.9990484453666125,0.0007769415193651314
14.057643222808839,0.5252324442165633,0.2317406177520752,0.10827661601157476,,log2,2,2,100,"{'model__max_depth': None, 'model__max_features': 'log2', 'model__min_samples_leaf': 2, 'model__min_samples_split': 2, 'model__n_estimators': 100}",0.6628643852978454,0.7256020278833967,0.6806083650190115,0.6730401529636711,0.6848446417247939,0.6853919145777436,0.02144803327318113,46,0.9988892415106315,0.997778483021263,0.997778483021263,0.9980985580732055,0.999206726955418,0.9983502985163563,0.0005901268327889009,0.6551815159307062,0.7232968932872603,0.675635704264363,0.6755973188614328,0.6783751034737182,0.6816173071634962,0.022443576696764875,45,0.998886162406946,0.9977406504132394,0.997727525377465,0.9980702189539168,0.999198158540856,0.9983245431384846,0.0006067391179726115,0.6566151053144581,0.7208437522824451,0.6707110838611208,0.6749028234520004,0.6797502460741998,0.6805646021968448,0.0215675639355968,46,0.9988897121071133,0.9977795095732462,0.9977781468961516,0.998098756626075,0.9992068519716522,0.9983505954348477,0.0005900985035594528
26.455836820602418,1.427824704690801,0.3513665676116943,0.191811308835138,,log2,2,2,200,"{'model__max_depth': None, 'model__max_features': 'log2', 'model__min_samples_leaf': 2, 'model__min_samples_split': 2, 'model__n_estimators': 200}",0.6628643852978454,0.7401774397972116,0.6850443599493029,0.6794136392606756,0.6867469879518072,0.6908493624513686,0.026068070340546808,32,0.9992066010790225,0.9982545223738496,0.9979371628054586,0.998257011567105,0.9996826907821672,0.9986675977215207,0.000662372393872957,0.6561369211377964,0.7379649223381101,0.6813520722708889,0.6818572741796187,0.6803087179788754,0.6875239815810579,0.027024803917441664,30,0.9992077225519214,0.9982095729622333,0.9978770347759125,0.9982253872350503,0.9996758236132944,0.9986391082276824,0.0006833041182951908,0.6576993703928479,0.7356706618482345,0.6767407289420236,0.6813044094675907,0.6819862616210522,0.6866802864543498,0.026037200706108102,31,0.9992068350604278,0.9982547247439195,0.9979350127256097,0.9982570851808082,0.9996826852547819,0.9986672685931095,0.0006628490754577175
38.36548819541931,1.5874842157839664,0.5398066520690918,0.15233644270666435,,log2,2,2,300,"{'model__max_depth': None, 'model__max_features': 'log2', 'model__min_samples_leaf': 2, 'model__min_samples_split': 2, 'model__n_estimators': 300}",0.6660329531051965,0.7395437262357415,0.6901140684410646,0.6832377310388783,0.6930881420418517,0.6944033241725466,0.02444312476636159,17,0.9992066010790225,0.9982545223738496,0.9982545223738496,0.998257011567105,0.9996826907821672,0.9987310696351989,0.0006017704874694633,0.6581551621931939,0.7369342754921828,0.6861533429055519,0.6857814749083974,0.6864909703562803,0.6907030451711214,0.025531762814760627,17,0.9992077225519214,0.9982095729622333,0.9981975774017533,0.9982255350407504,0.9996758236132944,0.9987032463139907,0.0006209710726559155,0.6598032438537983,0.7347418933870845,0.6812157246647255,0.6852503818386608,0.6880942475873856,0.689821098266331,0.02456369408116572,17,0.9992068350604278,0.9982547247439195,0.9982544854428448,0.9982571513907988,0.9996826852547819,0.9987311763785545,0.0006017574960948754
13.56862826347351,1.1210957214811184,0.4256439208984375,0.5283207367645386,,log2,2,5,100,"{'model__max_depth': None, 'model__max_features': 'log2', 'model__min_samples_leaf': 2, 'model__min_samples_split': 5, 'model__n_estimators': 100}",0.6552598225602028,0.7363751584283904,0.6869455006337135,0.6679413639260675,0.6956246036778694,0.6884292898452488,0.027830735362938775,37,0.9982545223738496,0.9971437638844811,0.9974611234528721,0.9980985580732055,0.9988894177375853,0.9979694771043988,0.0006139102910522604,0.647871360855906,0.733857477488699,0.6825813250217437,0.6706819948814859,0.6889137263868442,0.6847811769269357,0.028254281257961138,36,0.9982637239634526,0.9971057510274776,0.9974097114408546,0.9980702189539168,0.9988805070360713,0.9979459824843546,0.0006298104506742338,0.6493810977126183,0.7313789514967644,0.6777371632487117,0.670036523386501,0.6906887673697975,0.6838445006428786,0.02728389251005799,39,0.9982563221092187,0.9971445748541575,0.9974609968090421,0.998098756626075,0.9988899527667233,0.9979701206330432,0.0006140492747361984
27.29462037086487,1.8744887412543814,0.3923841953277588,0.13995426450049386,,log2,2,5,200,"{'model__max_depth': None, 'model__max_features': 'log2', 'model__min_samples_leaf': 2, 'model__min_samples_split': 5, 'model__n_estimators': 200}",0.6673003802281369,0.7389100126742713,0.6926489226869454,0.6724028043339707,0.6968928344958782,0.6936309908838406,0.025320864352108417,21,0.998730561726436,0.9974611234528721,0.9976198032370676,0.9979401045793059,0.999206726955418,0.9981916639902199,0.0006700387941514211,0.6597722001841138,0.7371523115327492,0.6884293347955058,0.675414178684291,0.6902890303086334,0.6902114111010585,0.025892599724555192,18,0.9987359428157221,0.9974234854304168,0.9975645910904858,0.99790749942934,0.9991992781186138,0.9981661593769158,0.0006888165886666976,0.6614648995482351,0.7349650185175413,0.6837012145802388,0.6746179696714532,0.6920282339251208,0.6893554672485177,0.024957656233645098,18,0.9987310232430313,0.9974613736073812,0.9976181618940184,0.9979402999715307,0.9992067286170422,0.9981915174666007,0.0006703248556303287
37.70367279052734,1.5138448262717026,0.43729701042175295,0.12703709880570221,,log2,2,5,300,"{'model__max_depth': None, 'model__max_features': 'log2', 'model__min_samples_leaf': 2, 'model__min_samples_split': 5, 'model__n_estimators': 300}",0.664765525982256,0.7363751584283904,0.6926489226869454,0.6755895474824729,0.6975269499048827,0.6933812208969895,0.02450144335532601,23,0.9985718819422406,0.9976198032370676,0.9976198032370676,0.9980985580732055,0.999206726955418,0.9982233546889999,0.0006054114578011863,0.6564774554073413,0.7328187986520602,0.6881304083704093,0.6782271734940485,0.6905418724115788,0.6892391416670876,0.024886560346780582,23,0.9985833874492934,0.9975800926381293,0.9975645910904858,0.9980677731304356,0.9992004042777787,0.9981992497172246,0.0006250288641780809,0.6583408217448544,0.7306196329609482,0.6828967256723255,0.6776063716403409,0.692346099185974,0.6883619302408885,0.023867989016574616,23,0.9985729522596618,0.9976200950963479,0.9976181618940184,0.9980987546883285,0.999206867787985,0.9982233663452682,0.0006058419087517891
15.994332933425904,1.6217530005922054,0.1835399627685547,0.050989221039251145,10,sqrt,1,2,100,"{'model__max_depth': 10, 'model__max_features': 'sqrt', 'model__min_samples_leaf': 1, 'model__min_samples_split': 2, 'model__n_estimators': 100}",0.6375158428390367,0.711660329531052,0.6628643852978454,0.6526449968132568,0.6512365250475587,0.66318441590575,0.025544955335429307,72,0.9698508410028562,0.9757219930180895,0.9704855601396382,0.9711614641102836,0.9755671902268761,0.9725574096995487,0.0025549992250359526,0.628150756719861,0.7073260273334215,0.6587787617531314,0.6563353925057587,0.6420177375110863,0.6585217351646518,0.026763719327577644,72,0.9700009096707264,0.9756938104527857,0.9703620559175208,0.9710690926164005,0.975735294430774,0.9725722326176415,0.0025886375111621976,0.6305612744445702,0.705154523351106,0.6538542881134961,0.6552093117199285,0.6437159730475807,0.6576990741353363,0.025317931372037267,72,0.9699131793717781,0.9757615451693648,0.9704650815568787,0.9710932543257343,0.9755803596071366,0.9725626840061785,0.0025658570966734305
27.051169919967652,1.1066867568621432,0.2208036422729492,0.1484297563512098,10,sqrt,1,2,200,"{'model__max_depth': 10, 'model__max_features': 'sqrt', 'model__min_samples_leaf': 1, 'model__min_samples_split': 2, 'model__n_estimators': 200}",0.6419518377693283,0.7173637515842839,0.6634980988593155,0.6660293180369662,0.667723525681674,0.6713133063863136,0.024837970405614737,63,0.9730244366867661,0.976515391939067,0.9728657569025706,0.9733798130248772,0.977947009360622,0.9747464815827804,0.002085318623094027,0.6336228791149491,0.7137290708572379,0.6600720754185645,0.6684002886255804,0.6600657408789924,0.6671780109790648,0.026059626701129053,60,0.9731277748904843,0.9764653236897978,0.9727341135592479,0.9732602890644999,0.9780932933013613,0.9747361589010783,0.0021463288983243926,0.63600215029047,0.7117384113689343,0.6549940347978034,0.6674446588120941,0.6620483579188146,0.6664455226376232,0.025018851268191172,60,0.9730510932501366,0.976535384696551,0.9728421868129464,0.9733184026676459,0.9779697172727149,0.9747433569399989,0.0021037805685525414
39.83826904296875,2.1898503613138103,0.5437445640563965,0.057148731561757066,10,sqrt,1,2,300,"{'model__max_depth': 10, 'model__max_features': 'sqrt', 'model__min_samples_leaf': 1, 'model__min_samples_split': 2, 'model__n_estimators': 300}",0.64702154626109,0.7262357414448669,0.6685678073510773,0.662842574888464,0.667723525681674,0.6744782391254345,0.02701354130466852,54,0.9744525547445255,0.9781021897810219,0.9744525547445255,0.9754397084455713,0.9781056639695384,0.9761105343370365,0.001667035314147221,0.637140571281732,0.7226601494971966,0.6648377840888694,0.6653789850302663,0.6584904210548351,0.6697015821905798,0.02840021406529096,52,0.9745593822922854,0.9780474032213119,0.9742694670866628,0.9753432787263046,0.9782182411684947,0.976087554499012,0.0017073682236708532,0.6396806410575526,0.7206494092433701,0.6600413364409106,0.6645726942360725,0.6603311690843454,0.6690550500124501,0.027211315477213917,52,0.974495592549328,0.9781161185418524,0.9743987107391086,0.9753939527561377,0.978115617152895,0.9761039983478643,0.001678950724439471
13.754603624343872,0.572464708003375,0.1493408203125,0.08253301684814271,10,sqrt,1,5,100,"{'model__max_depth': 10, 'model__max_features': 'sqrt', 'model__min_samples_leaf': 1, 'model__min_samples_split': 5, 'model__n_estimators': 100}",0.6501901140684411,0.7217997465145755,0.6673003802281369,0.6507329509241555,0.6563094483195941,0.6692665280109806,0.026977374765235276,67,0.9657251666137734,0.9708029197080292,0.963979688987623,0.9673585802566946,0.9730287164842139,0.9681790144100668,0.0033085738447747545,0.641531450841677,0.7179864961351892,0.662884560391303,0.653548231998227,0.6500019071075752,0.6651905292947944,0.027271673695372815,65,0.9658727363987607,0.9707636797761643,0.9638379215107007,0.9672684457003708,0.9731829059919885,0.968185137875597,0.0033678592528672805,0.643539112302013,0.7161889701759196,0.6578424881376422,0.6527766770906498,0.6517338328629098,0.664416216113827,0.0262899491815533,65,0.9657328886674234,0.9708317857074886,0.9639208265993315,0.967281368953675,0.973065072494646,0.9681663884845129,0.0033415991392752296
27.910112953186037,0.807711720837072,0.28218998908996584,0.16467292190009428,10,sqrt,1,5,200,"{'model__max_depth': 10, 'model__max_features': 'sqrt', 'model__min_samples_leaf': 1, 'model__min_samples_split': 5, 'model__n_estimators': 200}",0.6495564005069708,0.7287705956907478,0.6711026615969582,0.6577437858508605,0.6556753329105898,0.6725697553112253,0.028967334020818254,58,0.9688987622976832,0.9720723579815932,0.9690574420818787,0.970686103628585,0.9741392987466286,0.9709707929472738,0.001964084778236755,0.6395627519974008,0.7253825396671247,0.666742698602789,0.6603562867546806,0.6485244584306976,0.6681137470905385,0.030135268769351214,57,0.969015982115933,0.9720260928705582,0.9688544409440357,0.9706147159600725,0.9743059737354228,0.9709634411252045,0.0020329210796307478,0.6416492501017217,0.7237683610803253,0.6619230513105551,0.6596803816971899,0.6506195981767681,0.667528128473312,0.029022689488447696,57,0.968919530912814,0.9720794877880756,0.9689661691575178,0.9706281086836156,0.974172913170341,0.9709532419424729,0.0019912238930456863
38.888742780685426,1.8074584209818265,0.4352116107940674,0.19692908404926407,10,sqrt,1,5,300,"{'model__max_depth': 10, 'model__max_features': 'sqrt', 'model__min_samples_leaf': 1, 'model__min_samples_split': 5, 'model__n_estimators': 300}",0.64702154626109,0.7287705956907478,0.6692015209125475,0.655831739961759,0.6670894102726697,0.6735829626197628,0.02873204775970079,55,0.9700095207870517,0.9730244366867661,0.9698508410028562,0.970686103628585,0.9750912264001269,0.9717324257010771,0.0020275298627548954,0.6380683282527037,0.7262177403439616,0.6637937042267337,0.6584747156101062,0.6602397329779301,0.6693588442822871,0.029814840890139555,54,0.970115131181522,0.9729800035357486,0.9696388774627949,0.9706171128570464,0.9752105958764137,0.971712344182705,0.002092587413434442,0.640183873861181,0.7245877388677888,0.658547652016193,0.6576535199825716,0.662572232129838,0.6687090033715145,0.028980175395763356,54,0.9700254037337736,0.9730433154316149,0.9697611547637728,0.970646964158065,0.9751124514275933,0.9717178579029639,0.002055237434473561
14.373857259750366,0.9022514309126413,0.20179781913757325,0.07220288057209406,10,sqrt,2,2,100,"{'model__max_depth': 10, 'model__max_features': 'sqrt', 'model__min_samples_leaf': 2, 'model__min_samples_split': 2, 'model__n_estimators': 100}",0.6394169835234474,0.7097591888466414,0.6673003802281369,0.6500956022944551,0.6620164870006341,0.6657177283786629,0.024048427050838952,70,0.9658838463979689,0.9714376388448112,0.9631862900666455,0.9652986848360007,0.9681104236078059,0.9667833767506464,0.0028062682178043885,0.627952426675563,0.7071423187332776,0.6636842056991212,0.6521667852231623,0.6555109809718959,0.661291343460604,0.02583095526331564,70,0.965924476509864,0.9713444233309956,0.962906608089533,0.9651849521576823,0.9683173222499197,0.966735556467599,0.0028798162045624263,0.630587769089411,0.705025701849367,0.6591097665722357,0.6510683088667429,0.6571420450953154,0.6605867182946145,0.02441068409804501,70,0.9658453828305119,0.9714251792557602,0.9630197124791238,0.9651777061699056,0.9681434054609892,0.9667222772392581,0.002863582448429935
25.735231781005858,1.9855336298827875,0.28672499656677247,0.17862224493255402,10,sqrt,2,2,200,"{'model__max_depth': 10, 'model__max_features': 'sqrt', 'model__min_samples_leaf': 2, 'model__min_samples_split': 2, 'model__n_estimators': 200}",0.6476552598225602,0.7179974651457541,0.6806083650190115,0.651370299553856,0.663284717818643,0.672183221471965,0.025627758216050917,60,0.9665185655347509,0.97429387496033,0.9646144081244049,0.9664078592932974,0.9716008250039664,0.9686871065833499,0.0036444483229676247,0.6379296735897448,0.7154156303873832,0.675246528593104,0.6539710760791191,0.6571305239050573,0.6679386865108817,0.026532682232822055,58,0.9665953956533103,0.9742499409201612,0.9643862925386433,0.9662753734389675,0.9717807262120741,0.9686575457526313,0.003720213753917253,0.6402045946265424,0.7133854024113907,0.6705294848796178,0.6529279760729445,0.6590447389474328,0.6672184393875856,0.02507239927289724,58,0.9665216887022182,0.9743005671016204,0.9644684841300096,0.9662767112210789,0.97162037063254,0.9686375643574936,0.003698608403655289
44.164685773849484,2.0560457248429773,0.3950843811035156,0.08281668365800252,10,sqrt,2,2,300,"{'model__max_depth': 10, 'model__max_features': 'sqrt', 'model__min_samples_leaf': 2, 'model__min_samples_split': 2, 'model__n_estimators': 300}",0.6457541191381495,0.7313054499366286,0.6774397972116604,0.6539196940726577,0.673430564362714,0.676369924944362,0.029896611195350444,50,0.9687400825134878,0.9725483973341796,0.9671532846715328,0.9684677547139915,0.9723940980485483,0.9698607234563481,0.0021985449966513216,0.6358122601567932,0.7284124123699374,0.6730679658126049,0.6571513185913263,0.6667277036283528,0.6722343321118028,0.030793048651427953,50,0.9688324817191807,0.9725068624292084,0.9668763226273562,0.9683944589448075,0.9725503046675577,0.9698320860776221,0.0022954589542844724,0.6380320371188328,0.7262285424471443,0.6684721587219525,0.6561925052539967,0.6686947815652694,0.6715240050214392,0.0295522299844506,50,0.9687360503003634,0.9725772376608021,0.9669971946304675,0.9683876595005146,0.9724121262502988,0.9698220536684893,0.0022590366681367485
14.354010772705077,1.0933873614361107,0.2317838191986084,0.12363271966812543,10,sqrt,2,5,100,"{'model__max_depth': 10, 'model__max_features': 'sqrt', 'model__min_samples_leaf': 2, 'model__min_samples_split': 5, 'model__n_estimators': 100}",0.638149556400507,0.7224334600760456,0.6666666666666666,0.6583811344805609,0.6607482561826252,0.6692758147612811,0.028258804583574004,66,0.9609647730879086,0.9701682005712472,0.9620755315772771,0.9622880684519094,0.9701729335237189,0.9651339014424123,0.004136907901154036,0.62804373457685,0.7181653689501791,0.6635700215425118,0.6615248711748016,0.6533737942945688,0.6649355581077823,0.029467240331233,67,0.961047020416012,0.9700799911332038,0.9619288572305857,0.9622093586373721,0.9703185187785088,0.9651167492391364,0.004168223715276001,0.6304574690117961,0.716165614227228,0.6588351235901733,0.6604627494576331,0.6550354555170558,0.6641912823607773,0.02816281553966441,67,0.9609157064976614,0.9701542567090395,0.9620180807473848,0.9621892849359935,0.9701985465812423,0.9650951750942642,0.004171795112432502
29.493595027923583,1.0591602518963203,0.32541046142578123,0.11423149626916916,10,sqrt,2,5,200,"{'model__max_depth': 10, 'model__max_features': 'sqrt', 'model__min_samples_leaf': 2, 'model__min_samples_split': 5, 'model__n_estimators': 200}",0.6394169835234474,0.7217997465145755,0.673637515842839,0.6583811344805609,0.6702599873176919,0.6726990735358229,0.027314489916128892,57,0.9641383687718185,0.9728657569025706,0.9647730879086004,0.9667247662810965,0.9720767888307156,0.9681157537389604,0.0036655199137546795,0.6289542199520797,0.7179668043839478,0.66968960750301,0.6613533928360475,0.6636013545329488,0.6683130758416068,0.028590714016030555,56,0.9642525037209057,0.9728161193216796,0.9645845222170932,0.9666504695365301,0.972186562112277,0.9680980353816973,0.003693364381684409,0.6311913455426843,0.7160126948413417,0.6649555046932563,0.6603964791800749,0.6656683660327468,0.6676448780580209,0.027320264817188564,56,0.9641446858224151,0.9728848760881781,0.9646768757296008,0.966643206160744,0.9720724952066492,0.9680844278015174,0.0036921290113790936
44.24359211921692,3.5911184806274976,0.5468824863433838,0.05590572352545317,10,sqrt,2,5,300,"{'model__max_depth': 10, 'model__max_features': 'sqrt', 'model__min_samples_leaf': 2, 'model__min_samples_split': 5, 'model__n_estimators': 300}",0.6463878326996197,0.7256020278833967,0.6730038022813688,0.6602931803696622,0.6721623335447051,0.6754898353557506,0.026856467936200955,51,0.9668359251031419,0.973341796255157,0.9644557283402094,0.9687846617017906,0.9704902427415516,0.9687816708283702,0.003040186694069395,0.6355349554693548,0.7223868740450545,0.6686152707861607,0.6627889787399123,0.6654015979388908,0.6709455353958745,0.02829422303196261,51,0.9669322188552343,0.9732799942498108,0.9642353779892883,0.9686839449753935,0.9705994125129361,0.9687461897165326,0.003086473891390229,0.6380052259304766,0.7204874389756261,0.6638419357419402,0.6620277134711625,0.667548640378116,0.6703821908994643,0.027127126587824693,51,0.9668318340697933,0.97335505698952,0.9643464716117307,0.9687013312072406,0.9704785961784027,0.9687426580113374,0.003074641980921204
11.025363731384278,0.8818246642614579,0.16077742576599122,0.08832702709571903,10,log2,1,2,100,"{'model__max_depth': 10, 'model__max_features': 'log2', 'model__min_samples_leaf': 1, 'model__min_samples_split': 2, 'model__n_estimators': 100}",0.6362484157160964,0.7122940430925222,0.6761723700887199,0.6634799235181644,0.6702599873176919,0.671690947946639,0.024471763897360704,62,0.9720723579815932,0.9774674706442399,0.9731831164709616,0.972745999049279,0.9765191178803744,0.9743976124052895,0.002169536829613045,0.6263017077336992,0.7058225559580624,0.6693146412439959,0.6663111898560412,0.6603223779936679,0.6656144945570934,0.02531547501829972,63,0.9721592587706265,0.9774055513290646,0.9730191404686316,0.9726913585697613,0.9766581281294979,0.9743866874535163,0.002189919868895475,0.6287435727773453,0.7038597836812566,0.6637656517170988,0.6650381863298609,0.662275512758856,0.6647365414528835,0.02380425237339713,64,0.9721402385409265,0.9774663572538986,0.9731287269566826,0.9727108606972668,0.9765570878942221,0.9744006542685992,0.0021740019060809117
21.69177966117859,1.3445085612821857,0.337680721282959,0.07823113161854263,10,log2,1,2,200,"{'model__max_depth': 10, 'model__max_features': 'log2', 'model__min_samples_leaf': 1, 'model__min_samples_split': 2, 'model__n_estimators': 200}",0.6387832699619772,0.714828897338403,0.6692015209125475,0.6590184831102613,0.6607482561826252,0.6685160855011628,0.025218764067097443,68,0.975563313233894,0.9800063471913678,0.9769914312916534,0.9759150689272699,0.9787402824052038,0.9774432886098777,0.0016926547223762099,0.6289094430240028,0.7097504931458753,0.662402133036856,0.6613138039113322,0.6506282717830234,0.662600828980218,0.026469750123606667,68,0.9756394012821008,0.9799516990460054,0.9768630905272252,0.9758084725742397,0.978839924740665,0.9774205176340474,0.0017031374335619671,0.6311611575382786,0.7080328031899544,0.6570267083500747,0.6600352883903863,0.6528311566976375,0.6618174228332663,0.025229141526585213,68,0.9755941340053563,0.9800248388181078,0.9769683463040487,0.9758718451010835,0.978753776428387,0.9774425881313966,0.0017027128350572585
33.64536690711975,1.9745064679304836,0.5659708499908447,0.30409256083437636,10,log2,1,2,300,"{'model__max_depth': 10, 'model__max_features': 'log2', 'model__min_samples_leaf': 1, 'model__min_samples_split': 2, 'model__n_estimators': 300}",0.6432192648922687,0.7160963244613435,0.6768060836501901,0.6660293180369662,0.6613823715916297,0.6727066725264796,0.024256137904528952,56,0.9769914312916534,0.9800063471913678,0.9776261504284354,0.9774996038662652,0.9817547199746153,0.9787756505504674,0.001817831284259018,0.6331644399499896,0.7114260948439457,0.671010945569583,0.6672828348830027,0.6517997988595311,0.6669368228212104,0.025945006705897885,61,0.9770650881622602,0.979935371327952,0.977487337357904,0.9773974366623948,0.9818335774229702,0.9787437621866962,0.0018534310231536687,0.6359430598203796,0.7097299792013174,0.6656489083824537,0.6662965712692281,0.653699183462805,0.6662635404272368,0.024359412034974767,61,0.9770204410880503,0.9800209850298592,0.9775986266012531,0.977460266881159,0.9817642200348465,0.9787729079270336,0.0018264034466718344
11.195062398910522,0.889722422184086,0.21552181243896484,0.032280036095917244,10,log2,1,5,100,"{'model__max_depth': 10, 'model__max_features': 'log2', 'model__min_samples_leaf': 1, 'model__min_samples_split': 5, 'model__n_estimators': 100}",0.6451204055766794,0.7224334600760456,0.6641318124207858,0.662842574888464,0.6594800253646164,0.6708016556653182,0.026688510341372425,64,0.9693748016502698,0.9719136781973976,0.9650904474769915,0.968626208207891,0.9723940980485483,0.9694798467162196,0.0026238504285446933,0.6343229726875856,0.7193323985427164,0.6591408677188498,0.6642837464486356,0.6486143438416703,0.6651388658478915,0.028970071782753654,66,0.9694044980588019,0.9718285042391045,0.9648260561678594,0.9685139812118988,0.9724775510492469,0.9694101181453822,0.00272302967742614,0.6368807064837688,0.7170588695749626,0.6539304956501616,0.6634337128490905,0.6507027739010673,0.6644013116918102,0.02767101836556546,66,0.969336038001479,0.9719108139639056,0.9649632073678621,0.9685086842437416,0.9723853743702419,0.9694208235894459,0.002672008329240584
24.640056371688843,1.6714080931419912,0.341259241104126,0.10474424148639323,10,log2,1,5,200,"{'model__max_depth': 10, 'model__max_features': 'log2', 'model__min_samples_leaf': 1, 'model__min_samples_split': 5, 'model__n_estimators': 200}",0.6482889733840305,0.7262357414448669,0.670468948035488,0.6673040152963671,0.6601141407736208,0.6744823637868747,0.026976240751482885,53,0.9722310377657887,0.9761980323706759,0.9711202792764202,0.9738551735065758,0.9760431540536253,0.9738895353946171,0.0020192972138469993,0.637563646031048,0.7230589423484451,0.6653422697821181,0.6697171159847041,0.6513568406267374,0.6694077629546105,0.029103115173158584,53,0.9722829429935592,0.9761252497891256,0.9709009415046607,0.9737109768203778,0.9761454956480133,0.9738331213511472,0.002079258451653832,0.6400992167149859,0.7211375755902562,0.6602556204175581,0.6687986004609244,0.6532908887210837,0.6687163803809616,0.02784406858095651,53,0.9722398421531552,0.9762015032697413,0.9710275646318833,0.9737789359594049,0.9760607399656346,0.9738617171959639,0.00204841656684715
34.58011870384216,1.1338652335097272,0.6607486248016358,0.16006846394262814,10,log2,1,5,300,"{'model__max_depth': 10, 'model__max_features': 'log2', 'model__min_samples_leaf': 1, 'model__min_samples_split': 5, 'model__n_estimators': 300}",0.6501901140684411,0.7268694550063372,0.6780735107731305,0.668578712555768,0.6645529486366518,0.6776529482080658,0.026193894001161573,49,0.9722310377657887,0.975563313233894,0.9723897175499842,0.9730629060370781,0.9766777724892908,0.9739849494152072,0.001800758907871744,0.6394917080041709,0.7237062076100345,0.6721939882248321,0.6704624415350376,0.6555913506742398,0.6722891392096629,0.02828974526801389,49,0.9722903682008027,0.9755061035459661,0.9721984814737146,0.972941328865506,0.9767647382600426,0.9739402040692063,0.0018538253548489843,0.6422425946483935,0.7219828769166209,0.666480840444433,0.6697178115874171,0.6575131809351027,0.6715874609063934,0.026938736601305302,49,0.972233328696423,0.9755869972617446,0.9723107580858702,0.9729937589320996,0.9766734657697589,0.9739596617491794,0.001824556410995596
12.024409961700439,1.3109287544409127,0.4919280052185059,0.3224713498757704,10,log2,2,2,100,"{'model__max_depth': 10, 'model__max_features': 'log2', 'model__min_samples_leaf': 2, 'model__min_samples_split': 2, 'model__n_estimators': 100}",0.6406844106463878,0.7129277566539924,0.6628643852978454,0.65710643722116,0.6487000634115409,0.6644566106461853,0.02537478472750441,71,0.9681053633767058,0.9687400825134878,0.965249127261187,0.9637141498970052,0.9739806441377122,0.9679578734372196,0.0035285653335002816,0.6307143731888963,0.7078533303021752,0.6586219518508679,0.6595464043900933,0.6402005895207463,0.6593873298505558,0.026607644601402993,71,0.9682860434406819,0.968629168349057,0.9650589454459377,0.9635975981122327,0.9740795382941968,0.9679302587284212,0.0036178746406861097,0.6332378465610813,0.7059496214221032,0.6529971333006307,0.6588842993791028,0.6420903865482797,0.6586318574422395,0.02525573471156878,71,0.9681607218185619,0.96871785293101,0.9651439641692935,0.9636091883491177,0.9739945347601571,0.9679252524056281,0.0035744600411736095
23.436830520629883,1.619476749866691,0.3421775817871094,0.21423876092393418,10,log2,2,2,200,"{'model__max_depth': 10, 'model__max_features': 'log2', 'model__min_samples_leaf': 2, 'model__min_samples_split': 2, 'model__n_estimators': 200}",0.6438529784537389,0.70595690747782,0.664765525982256,0.6653919694072657,0.657577679137603,0.6675090120917366,0.02072915119877289,69,0.9701682005712472,0.9723897175499842,0.9701682005712472,0.9684677547139915,0.9769950817071236,0.9716377910227187,0.0029541320000425826,0.6330101490413214,0.7010305404663542,0.6585266838259924,0.667991753593252,0.6505360948461529,0.6622190443546145,0.02255189926945817,69,0.9702703764633742,0.9723279080936089,0.9699763682447072,0.9683795200647861,0.9770836306833333,0.9716075607099619,0.0030124853420828218,0.6358727336794604,0.6992231066892107,0.6530322684936564,0.6671535352721297,0.6521712209164003,0.6614905730101714,0.021309529183612192,69,0.9701764485902257,0.9724077396464094,0.9700894216056307,0.9683883404832708,0.9770016109300579,0.9716127122511189,0.0029816820260605455
33.484560585021974,0.5308939501136029,0.3780558109283447,0.16426255490544636,10,log2,2,2,300,"{'model__max_depth': 10, 'model__max_features': 'log2', 'model__min_samples_leaf': 2, 'model__min_samples_split': 2, 'model__n_estimators': 300}",0.6451204055766794,0.7141951837769328,0.6749049429657795,0.6622052262587635,0.6639188332276474,0.6720689183611606,0.023119705553089724,61,0.9695334814344653,0.9738178356077436,0.9701682005712472,0.9692600221834892,0.9760431540536253,0.9717645387701142,0.0026952214180103406,0.6347029275791665,0.7099352979069562,0.6685851271283227,0.6642308273686475,0.6563419871449052,0.6667592334255995,0.02453579032227592,62,0.969626400559965,0.9737646181583628,0.9699831739420322,0.9691320500676941,0.9761111974644721,0.9717234880385052,0.002740811046989665,0.637317070845866,0.7083899202065087,0.6630873660425379,0.6635596174798584,0.6582686878815099,0.6661245324912562,0.023210990107087805,62,0.969549810655629,0.9738355263827995,0.9700901395014749,0.9691824102450777,0.9760373631262171,0.9717390499822397,0.0027173071423813736
11.229966115951537,0.41360944995358595,0.21256985664367675,0.10287831648775478,10,log2,2,5,100,"{'model__max_depth': 10, 'model__max_features': 'log2', 'model__min_samples_leaf': 2, 'model__min_samples_split': 5, 'model__n_estimators': 100}",0.6451204055766794,0.720532319391635,0.6666666666666666,0.6666666666666666,0.6518706404565631,0.6701713397516421,0.026545276924123815,65,0.9676293240241193,0.9690574420818787,0.9601713741669311,0.9622880684519094,0.9676344597810567,0.9653561337011791,0.003474265490757672,0.634174985210255,0.7164980310002138,0.6625976695252161,0.6693091544720682,0.6436182602337241,0.6652396200882954,0.028577825124247547,64,0.9677172983253985,0.9690085874010747,0.9599582845535624,0.9621408742581787,0.9677327099797546,0.9653115509035939,0.0035785014125318117,0.6373116034126816,0.7147994552813514,0.6575468075947741,0.6685358962595638,0.6455024750213335,0.6647392475139409,0.027182712198316226,63,0.9676426513310726,0.9690640198269889,0.9600633420520435,0.9621092431373941,0.9676290692393155,0.9653016651173629,0.0035407322970128934
21.783726692199707,1.5028924130636776,0.3556674003601074,0.08388052243992562,10,log2,2,5,200,"{'model__max_depth': 10, 'model__max_features': 'log2', 'model__min_samples_leaf': 2, 'model__min_samples_split': 5, 'model__n_estimators': 200}",0.6419518377693283,0.7211660329531052,0.670468948035488,0.6698534098151689,0.6582117945466075,0.6723304046239397,0.026520601776255388,59,0.9677880038083149,0.9709615994922247,0.9671532846715328,0.9667247662810965,0.9738219895287958,0.9692899287563929,0.002710540275055345,0.6314072836631579,0.7177962356257946,0.6660108212752357,0.6714156626956127,0.6501600945397533,0.6673580195599109,0.028811515362648876,59,0.9678616892564131,0.9708965090872255,0.9669121693440305,0.9666175021468,0.9738998273184546,0.9692375394305847,0.002780432116799988,0.6344628936568051,0.7161134036851374,0.6609508531857734,0.6705855295150627,0.6521622378716914,0.666854983582894,0.027350656101750893,59,0.96778862980062,0.9709525616898472,0.9670431066082962,0.9666290915039736,0.9738163314803363,0.9692459442166147,0.0027431791737207744
32.022059488296506,0.7618834995084967,0.48720760345458985,0.1874889606011841,10,log2,2,5,300,"{'model__max_depth': 10, 'model__max_features': 'log2', 'model__min_samples_leaf': 2, 'model__min_samples_split': 5, 'model__n_estimators': 300}",0.64702154626109,0.7154626108998733,0.6717363751584284,0.674314850223072,0.6651870640456563,0.674744489317624,0.022481568963389674,52,0.9679466835925103,0.9727070771183751,0.9681053633767058,0.9675170337505942,0.9749325717912105,0.9702417459258793,0.0030112191264058505,0.6367407752743303,0.7118893726145088,0.6655818703678935,0.6754926391500838,0.655892858347671,0.6691195031508974,0.024922759051763797,55,0.9680541857172248,0.972628574434094,0.9678962303945976,0.9673822968296648,0.9750125972303477,0.9701947769211857,0.003063013351840931,0.6397384004560748,0.7099845013207337,0.6603892921132142,0.6747807410260371,0.6579845269861242,0.6685754923804368,0.02351157768259722,55,0.9679753776359435,0.9727000018543795,0.9680070484669066,0.9673929589466936,0.9749217649429427,0.9701994303693733,0.0030391621342078104
18.432114553451537,1.160737513004985,0.31665630340576173,0.08868785678852349,20,sqrt,1,2,100,"{'model__max_depth': 20, 'model__max_features': 'sqrt', 'model__min_samples_leaf': 1, 'model__min_samples_split': 2, 'model__n_estimators': 100}",0.6622306717363752,0.7465145754119138,0.6958174904942965,0.6736775015933716,0.6816740646797718,0.6919828607831459,0.029376733959435988,28,1.0,0.9984132021580451,0.9984132021580451,0.9984154650610046,1.0,0.999048373875419,0.0007769999164011493,0.6562990037356884,0.74449888058739,0.6923842064453489,0.6764758342004624,0.675951864187953,0.6891219578313685,0.029959866371455684,24,1.0,0.9983716246654477,0.9983589917559191,0.9983832716939343,1.0,0.9990227776230602,0.0007979356907664536,0.6573760914646741,0.7426120044826658,0.6878799726293363,0.6760745246486718,0.6777762141566457,0.6883437614763988,0.02886680139442906,24,1.0,0.9984131369823116,0.9984132384723369,0.9984156057717066,1.0,0.9990483962452711,0.0007769817144768397
36.09271130561829,1.4437865504099248,0.3576825141906738,0.176234731662647,20,sqrt,1,2,200,"{'model__max_depth': 20, 'model__max_features': 'sqrt', 'model__min_samples_leaf': 1, 'model__min_samples_split': 2, 'model__n_estimators': 200}",0.6787072243346007,0.7465145754119138,0.6945500633713562,0.6775015933715742,0.6848446417247939,0.6964236196428477,0.025762765897770365,9,1.0,0.9984132021580451,0.9984132021580451,0.9984154650610046,1.0,0.999048373875419,0.0007769999164011493,0.6717650423570227,0.7444798675995535,0.6905173129011802,0.6801853542999919,0.6786715087335761,0.6931238171782649,0.026369330982479636,8,1.0,0.9983720905589202,0.9983589917559191,0.9983832716939343,1.0,0.9990228708017547,0.0007978596707209872,0.6735745748387798,0.7427349407166223,0.6858332460078332,0.6798028361466647,0.6805524393435013,0.6924996074106803,0.025417036687686866,8,1.0,0.9984133471851078,0.9984132384723369,0.9984156057717066,1.0,0.9990484382858302,0.000776947345958307
56.955684661865234,2.2026418785789694,0.5948778629302979,0.1987593747858669,20,sqrt,1,2,300,"{'model__max_depth': 20, 'model__max_features': 'sqrt', 'model__min_samples_leaf': 1, 'model__min_samples_split': 2, 'model__n_estimators': 300}",0.6818757921419518,0.7522179974651457,0.6951837769328264,0.6781389420012747,0.6918199112238428,0.6998472839530082,0.02691878627516062,4,1.0,0.9984132021580451,0.9984132021580451,0.9984154650610046,1.0,0.999048373875419,0.0007769999164011493,0.6739642769434366,0.7504401000945586,0.6904509095087926,0.6812750963691621,0.6862198459964091,0.696470045782472,0.027537100349506852,4,1.0,0.9983721854304637,0.9983589917559191,0.9983832716939343,1.0,0.9990228897760633,0.0007978441949357344,0.6759571081329487,0.7484644682318112,0.6858369990607484,0.6806755626764747,0.6883942681757956,0.6958656812555557,0.02664627500260063,4,1.0,0.9984133787024407,0.9984132384723369,0.9984156057717066,1.0,0.9990484445892968,0.0007769421934735671
19.150297784805296,1.1848768969290369,0.18096914291381835,0.08726144145708069,20,sqrt,1,5,100,"{'model__max_depth': 20, 'model__max_features': 'sqrt', 'model__min_samples_leaf': 1, 'model__min_samples_split': 5, 'model__n_estimators': 100}",0.673637515842839,0.747148288973384,0.6920152091254753,0.6692160611854685,0.6918199112238428,0.6947673972702019,0.027782594169902003,15,1.0,0.9982545223738496,0.9982545223738496,0.9984154650610046,0.9998413453910836,0.9989531710399575,0.0007937319681973618,0.665875313066808,0.7449964850195113,0.6898825923946074,0.6725812459014824,0.6856911126687508,0.6918053498102321,0.02797252485337411,12,1.0,0.9982154924315699,0.9982026296734524,0.9983831238882344,0.9998425117759648,0.9989287515538443,0.0008143994213027396,0.6674798975988735,0.7426692731830696,0.6853119210651661,0.6715216700121489,0.6873749991779682,0.6908715522074452,0.027010097097542415,13,1.0,0.9982546275697599,0.9982546057735328,0.998415539561716,0.9998413462764226,0.9989532238362863,0.0007936888717782506
34.98402485847473,1.44304419510074,0.47018704414367674,0.16525151650045478,20,sqrt,1,5,200,"{'model__max_depth': 20, 'model__max_features': 'sqrt', 'model__min_samples_leaf': 1, 'model__min_samples_split': 5, 'model__n_estimators': 200}",0.6730038022813688,0.7477820025348543,0.7002534854245881,0.6781389420012747,0.7045022194039315,0.7007360903292035,0.02648563914231923,2,1.0,0.9984132021580451,0.9984132021580451,0.9984154650610046,0.9996826907821672,0.9989849120318525,0.0007064379632627575,0.6647314713146002,0.745573678217953,0.6964712689495693,0.6813737151649839,0.6983899148787781,0.6973080097051769,0.027005843837541104,2,1.0,0.9983720905589202,0.9983591242919602,0.9983831238882344,0.9996798067991108,0.9989588291076451,0.0007265246243384545,0.6666060767541814,0.7433827101285593,0.6922203008830967,0.6806000082765037,0.7000056096595625,0.6965629411403806,0.025980878385895037,2,1.0,0.9984133471851078,0.9984132854605744,0.998415539561716,0.9996826884145359,0.9989849721243867,0.0007063885285064835
54.213788747787476,1.7004444296708168,0.6412013530731201,0.21270999802105098,20,sqrt,1,5,300,"{'model__max_depth': 20, 'model__max_features': 'sqrt', 'model__min_samples_leaf': 1, 'model__min_samples_split': 5, 'model__n_estimators': 300}",0.6755386565272496,0.7509505703422054,0.7027883396704689,0.6864244741873805,0.6911857958148383,0.7013775673084286,0.02628531688554033,1,1.0,0.9984132021580451,0.9984132021580451,0.9984154650610046,0.9998413453910836,0.9990166429536357,0.0007398407446364702,0.6676118901127445,0.7488489611618847,0.6993822045191165,0.6893974845457588,0.6849972830918515,0.6980475646862712,0.02740082907589642,1,1.0,0.9983721854304637,0.9983591242919602,0.9983831238882344,0.9998372950231458,0.9989903457267608,0.0007597375698187531,0.669054868203821,0.7470537714850659,0.6951653284999354,0.6887495975042166,0.6867930326410673,0.6973633196668212,0.026310711767663805,1,1.0,0.9984133787024407,0.9984132854605744,0.998415539561716,0.9998413421381133,0.999016709172569,0.0007397855246715668
15.56033115386963,0.834170758935359,0.2237229347229004,0.1022632261493001,20,sqrt,2,2,100,"{'model__max_depth': 20, 'model__max_features': 'sqrt', 'model__min_samples_leaf': 2, 'model__min_samples_split': 2, 'model__n_estimators': 100}",0.6584283903675539,0.7332065906210393,0.6850443599493029,0.6724028043339707,0.6854787571337984,0.686912180481133,0.025181597096482752,42,0.999047921294827,0.9980958425896541,0.9979371628054586,0.9979401045793059,0.9990480723465016,0.9984138207231494,0.000520975720267874,0.6495547685652123,0.7312809124451142,0.6810141069236333,0.6750503234854099,0.6796954160461764,0.6833191054931093,0.026560053741609344,43,0.9990587853950842,0.9980565961943068,0.997887483627372,0.9979126005470565,0.9990418874736287,0.9983914706474897,0.0005410751165988534,0.6515371417011465,0.7290732718505258,0.6764552362271955,0.6747285007873057,0.6812107172859919,0.6826009735704331,0.025402027027726704,43,0.9990483837427246,0.9980960699454023,0.9979376163018391,0.9979401759947218,0.9990483258074121,0.99841411435842,0.0005210263012671952
33.47387776374817,1.5838899128918253,0.43305554389953616,0.07692691536847311,20,sqrt,2,2,200,"{'model__max_depth': 20, 'model__max_features': 'sqrt', 'model__min_samples_leaf': 2, 'model__min_samples_split': 2, 'model__n_estimators': 200}",0.6692015209125475,0.7376425855513308,0.6875792141951838,0.6736775015933716,0.689283449587825,0.6914768543680517,0.02434865416767539,30,0.9988892415106315,0.9984132021580451,0.9980958425896541,0.9980985580732055,0.9995240361732508,0.9986041761009574,0.0005436779259755666,0.6596932776511589,0.7355750472565017,0.6835994691611138,0.6759681651241577,0.6835391871140712,0.6876750292614006,0.025487864545445195,29,0.9988911242789985,0.9983721854304637,0.9980408899867742,0.99806791663389,0.9995183353892594,0.9985780903438771,0.0005609472811779621,0.6618930533085914,0.733580620413113,0.6789575690703628,0.6755418559957916,0.685547120234491,0.6871040438044699,0.024487300641604818,29,0.9988895906122278,0.9984133787024407,0.9980956619898029,0.9980985707594456,0.9995240315312043,0.9986042467190244,0.0005437320003003369
54.24608178138733,3.505447433478707,0.5776861667633056,0.10148283264363868,20,sqrt,2,2,300,"{'model__max_depth': 20, 'model__max_features': 'sqrt', 'model__min_samples_leaf': 2, 'model__min_samples_split': 2, 'model__n_estimators': 300}",0.673637515842839,0.7465145754119138,0.6958174904942965,0.6711281070745698,0.6924540266328472,0.6959103430912934,0.027140306296919714,11,0.9995239606474136,0.9984132021580451,0.9982545223738496,0.998257011567105,0.9995240361732508,0.998794546583933,0.0005983633594856142,0.664848479197863,0.744074075462666,0.6917986022089381,0.6736769273347145,0.6862454418837746,0.6921287052175913,0.02763230748263969,11,0.9995255996458766,0.9983722716677261,0.9982026826818746,0.9982255350407504,0.9995183353892594,0.9987688848850974,0.0006176421811776826,0.6668072410860294,0.7419913746036192,0.6869995713816982,0.6732070604862207,0.6882301014128361,0.6914470697940807,0.02655061195033567,11,0.9995240789745979,0.998413401810772,0.9982546164503083,0.9982571513907988,0.9995240315312043,0.9987946560315363,0.0005983235275899503
17.0925094127655,0.20861173068349906,0.20930662155151367,0.11512547268578195,20,sqrt,2,5,100,"{'model__max_depth': 20, 'model__max_features': 'sqrt', 'model__min_samples_leaf': 2, 'model__min_samples_split': 5, 'model__n_estimators': 100}",0.664765525982256,0.7332065906210393,0.6869455006337135,0.6634799235181644,0.6848446417247939,0.6866484364959934,0.025245377415939435,43,0.9984132021580451,0.9979371628054586,0.9974611234528721,0.9977816510854064,0.9988894177375853,0.9980965114478735,0.0005014459755662337,0.656395582245487,0.7301968375190182,0.6845418354541725,0.6664061367827037,0.6792099816315471,0.6833500747265857,0.025404021518482364,42,0.9984236021902735,0.9979002240285524,0.9974119906068568,0.9977527102333758,0.9988793181354708,0.9980735690389059,0.0005181582192969105,0.6589315179451966,0.7280753902616598,0.6803106280474064,0.6658396456382095,0.6810597337678105,0.6828433831320566,0.02415133581324272,42,0.9984148730149702,0.997937513838403,0.9974607500004694,0.9977813477948635,0.9988896630979969,0.9980968295493406,0.0005018454159512231
34.935995721817015,2.9271961066535552,0.41266164779663084,0.09766248008219357,20,sqrt,2,5,200,"{'model__max_depth': 20, 'model__max_features': 'sqrt', 'model__min_samples_leaf': 2, 'model__min_samples_split': 5, 'model__n_estimators': 200}",0.670468948035488,0.7446134347275032,0.6894803548795945,0.6749521988527725,0.6956246036778694,0.6950279080346455,0.026442512983838064,13,0.998730561726436,0.9980958425896541,0.9974611234528721,0.9976231975915069,0.9990480723465016,0.9981917595413942,0.0006147961062235996,0.661655625412715,0.7416209480357645,0.6862952735641361,0.678265378849729,0.6906672766607018,0.6917009005046093,0.02685342482391926,13,0.9987401445897165,0.9980567945746927,0.9974118697789358,0.9975953404644351,0.9990377972388664,0.9981683893293292,0.0006318123790956721,0.6638309087686927,0.7394154276598613,0.6820332968138719,0.6776732452362493,0.6925670712449788,0.6911039899447308,0.025855827022655663,12,0.9987316291707193,0.9980961413910414,0.9974603803241849,0.9976232643081839,0.9990480667710717,0.9981918963930403,0.0006151368002077428
56.001933574676514,1.91588287805562,0.5469540119171142,0.06443310972421865,20,sqrt,2,5,300,"{'model__max_depth': 20, 'model__max_features': 'sqrt', 'model__min_samples_leaf': 2, 'model__min_samples_split': 5, 'model__n_estimators': 300}",0.6711026615969582,0.7401774397972116,0.6996197718631179,0.6768642447418738,0.7006975269499048,0.6976923289898134,0.02432509155842186,7,0.9988892415106315,0.9980958425896541,0.9974611234528721,0.9977816510854064,0.999206726955418,0.9982869171187965,0.0006606940634530887,0.6629930417702039,0.7370241361320504,0.6961585385216238,0.679598928082268,0.6942848212208143,0.694011893145392,0.02459527729217884,7,0.998895208345702,0.9980568808119553,0.9974119379789071,0.9977536953440227,0.9991992781186138,0.9982634001198403,0.0006785994729319719,0.6649888349475714,0.7348961077991284,0.6917435543938756,0.6790628078161837,0.6965484221137727,0.6934479454141064,0.023440653667795953,7,0.9988900755079825,0.9980961644993727,0.9974604015563966,0.9977820958988518,0.9992067286170422,0.998287093215929,0.0006609405541366231
14.443243551254273,2.333993800007673,0.3423609733581543,0.07700696717010236,20,log2,1,2,100,"{'model__max_depth': 20, 'model__max_features': 'log2', 'model__min_samples_leaf': 1, 'model__min_samples_split': 2, 'model__n_estimators': 100}",0.6571609632446135,0.7389100126742713,0.6983523447401775,0.6724028043339707,0.6778693722257451,0.6889390994437556,0.028254342013335293,36,1.0,0.9984132021580451,0.9984132021580451,0.9984154650610046,1.0,0.999048373875419,0.0007769999164011493,0.6486142390626617,0.7357680951698333,0.69472558817714,0.6748802688438815,0.6695013602955824,0.6846979103098197,0.029455290363561565,37,1.0,0.9983714865717209,0.9983591242919602,0.9983829676071055,1.0,0.9990227156941571,0.0007979849325342544,0.6505857207455225,0.7331229970048057,0.690535391330775,0.6742822352363643,0.6718275906703839,0.6840707869975702,0.02762199007881468,37,1.0,0.9984130633850384,0.9984132854605744,0.9984154650610046,1.0,0.9990483627813236,0.0007770089886964652
29.154055690765382,2.6180609441169382,0.4590808868408203,0.07001743642411971,20,log2,1,2,200,"{'model__max_depth': 20, 'model__max_features': 'log2', 'model__min_samples_leaf': 1, 'model__min_samples_split': 2, 'model__n_estimators': 200}",0.6679340937896071,0.7401774397972116,0.6920152091254753,0.6762268961121733,0.6778693722257451,0.6908446022100425,0.02585352782791702,33,1.0,0.9984132021580451,0.9984132021580451,0.9984154650610046,1.0,0.999048373875419,0.0007769999164011493,0.6591196256444952,0.7371383174968412,0.6882648692731883,0.6786180465084641,0.6699965506445513,0.6866274819135081,0.027023865880325706,33,1.0,0.9983720905589202,0.9983590624444719,0.9983831238882344,1.0,0.9990228553783254,0.0007978716077112428,0.6611806790476613,0.7348425297900536,0.683482678713521,0.6780675677039634,0.6717460142737587,0.6858638939057916,0.02558880724909829,33,1.0,0.9984133471851078,0.9984132662393291,0.998415539561716,1.0,0.9990484305972306,0.0007769535920903506
43.47790412902832,2.1808242446580994,0.5654648780822754,0.09258813749708925,20,log2,1,2,300,"{'model__max_depth': 20, 'model__max_features': 'log2', 'model__min_samples_leaf': 1, 'model__min_samples_split': 2, 'model__n_estimators': 300}",0.6711026615969582,0.7452471482889734,0.6964512040557668,0.680050987890376,0.6816740646797718,0.6949052133023692,0.026453632188255017,14,1.0,0.9984132021580451,0.9984132021580451,0.9984154650610046,1.0,0.999048373875419,0.0007769999164011493,0.6621749131601904,0.7429462537956418,0.6929610714877381,0.6822601434057827,0.6744871635073161,0.6909659090713338,0.02786466496288204,15,1.0,0.9983722716677261,0.9983589917559191,0.9983831238882344,1.0,0.999022877462376,0.0007978538304679945,0.6643180091735704,0.7407915381131951,0.6882915866083567,0.6815141394467636,0.6759914223275904,0.6901813391338953,0.02649660103241624,15,1.0,0.998413401810772,0.9984132384723369,0.998415539561716,1.0,0.9990484359689649,0.0007769492022548668
13.548510456085205,1.0813695036917572,0.24408111572265626,0.04288494578725901,20,log2,1,5,100,"{'model__max_depth': 20, 'model__max_features': 'log2', 'model__min_samples_leaf': 1, 'model__min_samples_split': 5, 'model__n_estimators': 100}",0.6539923954372624,0.7287705956907478,0.6964512040557668,0.6762268961121733,0.6766011414077362,0.6864084465407373,0.02508408352464841,44,0.9998413202158045,0.9984132021580451,0.9984132021580451,0.9984154650610046,1.0,0.99901663791858,0.0007398351320936608,0.6449505896432524,0.725527993041591,0.6929120464433492,0.6783909854467856,0.6688695996255517,0.6821302428401059,0.026727384187925744,44,0.9998447129148097,0.9983719870500776,0.9983591242919602,0.9983832716939343,1.0,0.9989918191901562,0.000761404100609703,0.64635553846731,0.7231112703404315,0.6886286988929065,0.6779002317528267,0.6712333583604555,0.6814458195627859,0.025043150472982566,44,0.9998413193549028,0.9984133072568017,0.9984132854605744,0.9984156057717066,1.0,0.9990167035687971,0.0007397813394022481
24.838998317718506,1.649014709418366,0.41516523361206054,0.030993163250944023,20,log2,1,5,200,"{'model__max_depth': 20, 'model__max_features': 'log2', 'model__min_samples_leaf': 1, 'model__min_samples_split': 5, 'model__n_estimators': 200}",0.6590621039290241,0.7395437262357415,0.6875792141951838,0.6724028043339707,0.6873811033608117,0.6891937904109463,0.02731616544078348,35,1.0,0.9984132021580451,0.9984132021580451,0.9984154650610046,0.9998413453910836,0.9990166429536357,0.0007398407446364702,0.6501066736579343,0.7360280371024117,0.6841584863800676,0.6743494025084361,0.6799200691778282,0.6849125337653357,0.028147168991875048,35,1.0,0.9983722716677261,0.9983591773003824,0.9983832716939343,0.9998372950231458,0.9989904031370378,0.0007596911019458342,0.6521727722426709,0.734053909909706,0.6795559631138098,0.6738348885016486,0.6819861339075197,0.6843207335350711,0.026999950319292972,35,1.0,0.998413401810772,0.9984132961373497,0.9984156057717066,0.9998413421381133,0.9990167291715883,0.0007397692531555718
38.62168908119202,1.9401398993612369,0.31526613235473633,0.12217191875038201,20,log2,1,5,300,"{'model__max_depth': 20, 'model__max_features': 'log2', 'model__min_samples_leaf': 1, 'model__min_samples_split': 5, 'model__n_estimators': 300}",0.6673003802281369,0.7395437262357415,0.6920152091254753,0.681325685149777,0.6899175649968294,0.694020513147192,0.02436531353685188,18,1.0,0.9984132021580451,0.9984132021580451,0.9984154650610046,0.9998413453910836,0.9990166429536357,0.0007398407446364702,0.6581723972017677,0.7366429277738906,0.6880853915683822,0.6831736115245681,0.6822573001954105,0.6896663256528038,0.025683523993721966,21,1.0,0.9983722716677261,0.9983592214714513,0.9983831238882344,0.9998372950231458,0.9989903824101116,0.0007597073890207807,0.6601608279689823,0.7345797064312518,0.683730315138205,0.6827050247108142,0.6844870421374184,0.6891325832773343,0.024482167678823347,21,1.0,0.998413401810772,0.9984132982706556,0.998415539561716,0.9998413421381133,0.9990167163562514,0.0007397796657483581
12.743915843963624,0.8952925918082305,0.1972133159637451,0.016835255688852458,20,log2,2,2,100,"{'model__max_depth': 20, 'model__max_features': 'log2', 'model__min_samples_leaf': 2, 'model__min_samples_split': 2, 'model__n_estimators': 100}",0.6679340937896071,0.7173637515842839,0.6837769328263625,0.6724028043339707,0.6848446417247939,0.6852644448518036,0.01731194549521266,47,0.9992066010790225,0.9982545223738496,0.997778483021263,0.9980985580732055,0.9993653815643344,0.9985407092223351,0.0006295849059475076,0.6592939414277359,0.7137560102632615,0.6787810388555957,0.6740986819246731,0.6787769289267069,0.6809413202795946,0.017897407607224244,47,0.9992139668583606,0.9982154924315699,0.997727525377465,0.9980702189539168,0.9993596299507072,0.9985173667144037,0.0006495502535864522,0.6608165519167535,0.7114763290932473,0.6740405088854594,0.673336997371152,0.6803808369058796,0.6800102448344985,0.016963605889615894,47,0.9992069511119211,0.9982546275697599,0.9977781468961516,0.998098756626075,0.9993655088549835,0.9985407982117781,0.0006297362559764486
23.41935524940491,1.1762873436366865,0.31345396041870116,0.08327936294810159,20,log2,2,2,200,"{'model__max_depth': 20, 'model__max_features': 'log2', 'model__min_samples_leaf': 2, 'model__min_samples_split': 2, 'model__n_estimators': 200}",0.6666666666666666,0.7306717363751585,0.6863117870722434,0.6806883365200764,0.6905516804058338,0.6909780414079958,0.021421793117617664,31,0.9995239606474136,0.9982545223738496,0.9980958425896541,0.998257011567105,0.9996826907821672,0.998762805592038,0.0006905888579236738,0.659088309516785,0.7281330593889437,0.6820537961283586,0.683233304794331,0.6842965785428604,0.6873610096742557,0.022433460782892174,31,0.9995318483448894,0.9982095729622333,0.9980371137280784,0.9982255350407504,0.9996758236132944,0.9987359787378493,0.000713131815543609,0.6609946358393801,0.7259468126510539,0.6772379958286564,0.6825606351709675,0.6859338023474506,0.6865347763675016,0.021485774264021533,32,0.9995241979858387,0.9982547247439195,0.9980946039746494,0.9982571513907988,0.9996826852547819,0.9987626726699977,0.000690828865040001
28.29886088371277,1.005823048735208,0.16937456130981446,0.01825761332615582,20,log2,2,2,300,"{'model__max_depth': 20, 'model__max_features': 'log2', 'model__min_samples_leaf': 2, 'model__min_samples_split': 2, 'model__n_estimators': 300}",0.6685678073510773,0.7344740177439797,0.6958174904942965,0.6819630337794774,0.6943563728598605,0.6950357444457383,0.022035868630909988,12,0.999682640431609,0.9982545223738496,0.9982545223738496,0.998257011567105,0.9996826907821672,0.9988262775057162,0.0006992385474814403,0.6599400315483213,0.7318857310110003,0.6920728913180529,0.6847000202998859,0.6878605488068839,0.6912918445968289,0.023180318237573102,14,0.9996870204619903,0.9982095729622333,0.9981975774017533,0.9982258052441566,0.9996758236132944,0.9987991599366856,0.0007204284092821506,0.6618295494949148,0.7298259357711715,0.6872579924712261,0.6840456307703564,0.6893955305558049,0.6904709278126948,0.02200867591748686,14,0.9996827588623269,0.9982547247439195,0.9982544854428448,0.9982572589515999,0.9996826852547819,0.9988263826510947,0.0006991988743143872
12.062767934799194,0.3379634677605779,0.19944348335266113,0.03087966538727368,20,log2,2,5,100,"{'model__max_depth': 20, 'model__max_features': 'log2', 'model__min_samples_leaf': 2, 'model__min_samples_split': 5, 'model__n_estimators': 100}",0.6520912547528517,0.7357414448669202,0.6913814955640051,0.6736775015933716,0.6842105263157895,0.6874204446185876,0.027560597615674948,40,0.9984132021580451,0.9974611234528721,0.9973024436686766,0.9979401045793059,0.9987307631286689,0.9979695273975138,0.0005441816068111223,0.6451161411193699,0.7321954614833619,0.6883985738605183,0.6760599099814908,0.6779164118910239,0.683937299667153,0.028121663742291005,41,0.9984236021902735,0.9974226292396583,0.9972536498983289,0.99790994515284,0.9987177616857223,0.9979455176333646,0.0005618334907040649,0.6465820031349284,0.7303869818314276,0.6837662034657781,0.6754572397841361,0.6799253144031515,0.6832235485238843,0.026975843504840454,40,0.9984148730149702,0.9974606501048758,0.9973027069687664,0.99794030180947,0.998731020087329,0.9979699103970823,0.0005445480365110265
19.800781393051146,0.5780944617114907,0.17618198394775392,0.0259965538620607,20,log2,2,5,200,"{'model__max_depth': 20, 'model__max_features': 'log2', 'model__min_samples_leaf': 2, 'model__min_samples_split': 5, 'model__n_estimators': 200}",0.6603295310519645,0.7363751584283904,0.697084917617237,0.6775015933715742,0.6905516804058338,0.692368576175,0.025336344876613348,25,0.9985718819422406,0.9973024436686766,0.997778483021263,0.9979401045793059,0.999206726955418,0.9981599280333807,0.0006625097871195862,0.6527177446516055,0.7329008239082366,0.6936121482464641,0.6797044945721273,0.6843402288338675,0.6886550880424602,0.025971066099117018,26,0.9985833874492934,0.9972647086450817,0.9977207849670953,0.9979076472350398,0.9991992781186138,0.9981351612830249,0.0006803542465580362,0.6542747368542894,0.7311044968679687,0.6890470406414156,0.6790756296748087,0.6862505698302725,0.687950494773751,0.02481604302210853,26,0.9985729522596618,0.9973028602378026,0.9977765808782736,0.9979403661815213,0.9992067286170422,0.9981598976348602,0.000662737975849671
21.16936264038086,1.7002851924149451,0.13116874694824218,0.01715891244254615,20,log2,2,5,300,"{'model__max_depth': 20, 'model__max_features': 'log2', 'model__min_samples_leaf': 2, 'model__min_samples_split': 5, 'model__n_estimators': 300}",0.6615969581749049,0.7319391634980988,0.6964512040557668,0.681325685149777,0.6905516804058338,0.6923729382568762,0.023041866951893253,24,0.9985718819422406,0.9974611234528721,0.9976198032370676,0.9980985580732055,0.999206726955418,0.9981916187321607,0.0006394218347228396,0.6535530801769343,0.7283879134749889,0.6920042430986337,0.6835874981660603,0.6842450175855674,0.6883555505004371,0.023944710428519606,28,0.9985833874492934,0.9974210811932014,0.9975645910904858,0.9980680602710462,0.9991993696054671,0.9981672979218988,0.0006585203864721953,0.6551848093716491,0.7264204630534128,0.6869911787185744,0.6829067167801722,0.6863307333478239,0.6875667802543266,0.02272345055648354,28,0.9985729522596618,0.9974614171202114,0.9976181618940184,0.9980988788208998,0.9992067173388173,0.9981916254867217,0.0006397637486839343
